alias hutchings-james James Hutchings <james@dogrock.net>
alias lindsay-andrew Andrew Lindsay <andrew_e_lindsay@hotmail.com>
alias today-linkedin LinkedIn Today <news@linkedin.com>
alias k-kalorkoti KALORKOTI K <kk@inf.ed.ac.uk>
alias rødseth-alexander Alexander Rødseth <rodseth@gmail.com>
alias Savanna <info@savanna.co.za>
alias effie-mcdonald MCDONALD Effie <Effie.McDonald@ed.ac.uk>
alias allocations-accom ACCOM Allocations <f1aacco1@exseed.ed.ac.uk>
alias hutchings-hamish Hamish Hutchings <hamhut1066@gmail.com>
alias newell-steven Steven Newell <steven.newell@momentumcoachhire.com>
alias hutchings-hamish Hamish Hutchings [mailto:hamhut1066@gmail.com]
alias radke-andreas Andreas Radke <andyrtr@archlinux.org>
alias s-wayne Wayne S <linux@zuik.net>
alias waa-jelle Jelle van der Waa <jelle@vdwaa.nl>
alias smet-ruben Ruben De Smet <ruben.de.smet@telenet.be>
alias crew-edinburgh Edinburgh Bhangra Crew <info@edinburghbhangracrew.com>
alias edinburgh-compsoc CompSoc Edinburgh <kimberley.mc@hotmail.co.uk>
alias notification-arch Arch Website Notification <nobody@archlinux.org>
alias eBay <eBay@reply.ebay.co.uk>
alias blazewicz-karol Karol Blazewicz <karol.blazewicz@gmail.com>
alias davis-john John Davis <davisjf@gmail.com>
alias kate-farrow FARROW Kate <Kate.Farrow@ed.ac.uk>
alias sannella-don Don Sannella [mailto:dts@inf.ed.ac.uk]
alias powalowski-tobias Tobias Powalowski <tobias.powalowski@googlemail.com>
alias email-eusa EUSA Newsletter Email <newsletter@eusa.ed.ac.uk>
alias riley-nikki Nikki Riley <nikkiormesmith@gmail.com>
alias hamhut1066@gmail.com hamhut1066@gmail.com
alias wales)-yha YHA (England & Wales) <news@yhainfo.org.uk>
alias devolder-ike Ike Devolder <ike.devolder@gmail.com>
alias bryson-barry Barry Bryson <barry@cateredinburgh.com>
alias trip-day Day Trip <daytripuk@gmail.com>
alias arch-dev-public-bounces@archlinux.org arch-dev-public-bounces@archlinux.org
alias ravier-timothée Timothée Ravier <siosm99@gmail.com>
alias support@tardis.ed.ac.uk support@tardis.ed.ac.uk
alias LinkedIn <jobs-listings@linkedin.com>
alias summers-ann Ann Summers <annsummers@email.annsummers.com>
alias Edinburgh <FreecycleEdinburgh@mod.freecycle.org>
alias gardens-maranoa Maranoa Gardens <Maranoa.Gardens@boroondara.vic.gov.au>
alias Google <no-reply@accounts.google.com>
alias Teresa <ormesmithmama@gmail.com>
alias robertson-david David Robertson <dr@inf.ed.ac.uk>
alias stevens-perdita Perdita Stevens <perdita@inf.ed.ac.uk>
alias eBay <ebay@ebay.co.uk>
alias cloud_kitten-ebay eBay Member: cloud_kitten <cloudk_ft2208nf@members.ebay.co.uk>
alias hutchings-james james hutchings <james@dogrock.net>
alias clarke-henry Henry Clarke <henry@merlinllp.com>
alias store-steam Steam Store <support@steampowered.com>
alias TechSmart <contact@megaleecher.net>
alias inc.-bittorrent BitTorrent Inc. <bleep@bittorrent.com>
alias ventures-informatics Informatics Ventures <ronnie@informatics-ventures.com>
alias Eventbrite <orders@eventbrite.com>
alias Dropbox <no-reply@dropboxmail.com>
alias Cyfe <support@cyfe.com>
alias Twitter <notify@twitter.com>
alias baster-james James Baster <james@jarofgreen.co.uk>
alias andrew-alastair Alastair Andrew <al@airts.co.uk>
alias hutchings-hamish Hamish Hutchings <hamhut@hamhut1066.com>
alias piazza-math MATH 08058 on Piazza <no-reply@piazza.com>
alias fitzpatrick-rory Rory Fitzpatrick <badgrs@gmail.com>
alias Ektoplazm <basilisk@ektoplazm.com>
alias EdinburghFreegle <EdinburghFreegle-owner@yahoogroups.com>
alias view-angularjs AngularJS Mountain View <info@meetup.com>
alias freegle-edinburgh Edinburgh Freegle <EdinburghFreegle-owner@yahoogroups.com>
alias professionals-linux Linux Professionals <groups-noreply@linkedin.com>
alias calendar-google Google Calendar <calendar-notification@google.com>
alias TomWard TomWard
alias Voodoo <noreply@skiddle.com>
alias knox-robin Robin Knox <intelligentpos@gmail.com>
alias Sainsburys <Grocery@em.sainsburys.co.uk>
alias leeming-ewan Ewan Leeming <info@meetup.com>
